{"cameraMode":{"drawMode":0,"name":"Shaded","section":"Shading Mode"},"sceneLighting":false,"audioPlay":false,"sceneViewState":{"showFog":true,"showMaterialUpdate":false,"showSkybox":false,"showFlares":true,"showImageEffects":true,"showParticleSystems":true},"in2DMode":false,"pivot":{"x":-4.76837158203125e-7,"y":0.8674342632293701,"z":-0.06195492297410965},"rotation":{"x":0.0394587479531765,"y":-0.6813015341758728,"z":0.036826297640800479,"w":0.7300119400024414},"size":1.4394941329956055,"orthographic":false}