{"cameraMode":{"drawMode":0,"name":"Shaded","section":"Shading Mode"},"sceneLighting":true,"audioPlay":false,"sceneViewState":{"showFog":true,"showMaterialUpdate":true,"showSkybox":true,"showFlares":true,"showImageEffects":true,"showParticleSystems":true},"in2DMode":false,"pivot":{"x":10.904656410217286,"y":-37.38928985595703,"z":277.8877868652344},"rotation":{"x":0.06893661618232727,"y":0.01705962046980858,"z":-0.001179385813884437,"w":0.997474193572998},"size":141.7162322998047,"orthographic":false}