{"cameraMode":{"drawMode":0,"name":"Shaded","section":"Shading Mode"},"sceneLighting":false,"audioPlay":false,"sceneViewState":{"showFog":true,"showMaterialUpdate":true,"showSkybox":false,"showFlares":true,"showImageEffects":true,"showParticleSystems":true},"in2DMode":false,"pivot":{"x":0.375,"y":0.7764999866485596,"z":0.2199999988079071},"rotation":{"x":0.06948567926883698,"y":0.8605831861495972,"z":-0.12215295433998108,"w":0.48953622579574587},"size":0.9286695718765259,"orthographic":false}