{"cameraMode":{"drawMode":0,"name":"Shaded","section":"Shading Mode"},"sceneLighting":true,"audioPlay":false,"sceneViewState":{"showFog":true,"showMaterialUpdate":true,"showSkybox":true,"showFlares":true,"showImageEffects":true,"showParticleSystems":true},"in2DMode":false,"pivot":{"x":0.0,"y":-0.11252859979867935,"z":0.5481597781181336},"rotation":{"x":0.2236618548631668,"y":-0.20805980265140534,"z":0.04893535003066063,"w":0.9509425759315491},"size":3.5554089546203615,"orthographic":false}