{"cameraMode":{"drawMode":0,"name":"Shaded","section":"Shading Mode"},"sceneLighting":false,"audioPlay":false,"sceneViewState":{"showFog":true,"showMaterialUpdate":false,"showSkybox":false,"showFlares":true,"showImageEffects":true,"showParticleSystems":true},"in2DMode":false,"pivot":{"x":-3.5762786865234377e-7,"y":0.8674342632293701,"z":-0.06195491552352905},"rotation":{"x":-0.023343803361058236,"y":0.5732865929603577,"z":-0.01634308323264122,"w":-0.81885826587677},"size":1.4394941329956055,"orthographic":false}